-- MySQL dump 10.13  Distrib 8.0.35, for Linux (x86_64)
--
-- Host: localhost    Database: rutaseguradb
-- ------------------------------------------------------
-- Server version	8.0.35-0ubuntu0.23.04.1

/*!40101 SET @OLD_CHARACTER_SET_CLIENT=@@CHARACTER_SET_CLIENT */;
/*!40101 SET @OLD_CHARACTER_SET_RESULTS=@@CHARACTER_SET_RESULTS */;
/*!40101 SET @OLD_COLLATION_CONNECTION=@@COLLATION_CONNECTION */;
/*!50503 SET NAMES utf8mb4 */;
/*!40103 SET @OLD_TIME_ZONE=@@TIME_ZONE */;
/*!40103 SET TIME_ZONE='+00:00' */;
/*!40014 SET @OLD_UNIQUE_CHECKS=@@UNIQUE_CHECKS, UNIQUE_CHECKS=0 */;
/*!40014 SET @OLD_FOREIGN_KEY_CHECKS=@@FOREIGN_KEY_CHECKS, FOREIGN_KEY_CHECKS=0 */;
/*!40101 SET @OLD_SQL_MODE=@@SQL_MODE, SQL_MODE='NO_AUTO_VALUE_ON_ZERO' */;
/*!40111 SET @OLD_SQL_NOTES=@@SQL_NOTES, SQL_NOTES=0 */;

--
-- Table structure for table `coordenadas`
--

DROP TABLE IF EXISTS `coordenadas`;
/*!40101 SET @saved_cs_client     = @@character_set_client */;
/*!50503 SET character_set_client = utf8mb4 */;
CREATE TABLE `coordenadas` (
  `id` bigint NOT NULL AUTO_INCREMENT,
  `coordenadas` varchar(255) DEFAULT NULL,
  `radio` int DEFAULT NULL,
  `ruta` bigint NOT NULL,
  `geocerca` bigint NOT NULL,
  `velocidad` bigint NOT NULL,
  PRIMARY KEY (`id`),
  KEY `FKiojhay1lg5ndsj2p11qac0cdt` (`ruta`),
  KEY `FKi6l65law0my6coevf8iyrhx78` (`geocerca`),
  KEY `FK6qxxoe6wkhq8jrs3md3a9r1kk` (`velocidad`),
  CONSTRAINT `FK6qxxoe6wkhq8jrs3md3a9r1kk` FOREIGN KEY (`velocidad`) REFERENCES `sonidos_velocidad` (`id`),
  CONSTRAINT `FKi6l65law0my6coevf8iyrhx78` FOREIGN KEY (`geocerca`) REFERENCES `sonidos_geocerca` (`id`),
  CONSTRAINT `FKiojhay1lg5ndsj2p11qac0cdt` FOREIGN KEY (`ruta`) REFERENCES `ruta` (`id`)
) ENGINE=InnoDB AUTO_INCREMENT=118 DEFAULT CHARSET=utf8mb4 COLLATE=utf8mb4_unicode_ci;
/*!40101 SET character_set_client = @saved_cs_client */;

--
-- Dumping data for table `coordenadas`
--

LOCK TABLES `coordenadas` WRITE;
/*!40000 ALTER TABLE `coordenadas` DISABLE KEYS */;
INSERT INTO `coordenadas` VALUES (5,'-12.039097, -76.957286',50,8,164,1),(6,'-12.040625, -76.960665',50,8,215,1),(7,'-12.040836, -76.960765',30,8,217,2),(8,'-12.050267, -76.956643',50,8,217,2),(9,'-12.051662, -76.956206',30,8,216,1),(10,'-12.054300, -76.955200',50,8,221,1),(11,'-12.062276, -76.959892',30,8,215,2),(12,'-12.048253, -77.034315',90,10,205,3),(13,'-12.057858, -77.020384',25,10,202,3),(14,'-12.065643, -76.967472',30,8,215,1),(15,'-12.074855, -76.971704',30,8,215,1),(16,'-12.073533, -76.973061',30,8,207,2),(17,'-12.073134, -76.973576',30,8,209,2),(18,'-12.085094, -76.982222',200,8,203,4),(19,'-12.127743, -76.977072',300,8,203,6),(20,'-12.159705, -76.982559',200,8,210,3),(21,'-12.171937, -76.981303',100,8,216,3),(22,'-12.174192, -76.988957',200,8,216,5),(23,'-12.173579, -76.991053',100,8,202,4),(24,'-12.174810, -76.991903',100,8,202,3),(25,'-12.174226, -76.992775',50,8,215,1),(26,'-12.184659, -77.006622',50,8,215,2),(41,'6.0070280, -75.6169290',150,16,310,2),(42,'5.9169480, -74.7823770',150,16,310,2),(43,'5.8474610, -73.5212960',150,16,49,2),(44,'6.0219270, -73.5619100',150,16,49,2),(45,'6.0290250, -73.5160330',150,16,310,2),(46,'5.6604400, -72.9343700',150,16,310,2),(47,'7.1286420, -73.0476610',150,16,49,2),(48,'7.1406120, -73.0350350',150,16,49,2),(49,'7.1119570, -73.0813550',150,16,49,2),(50,'7.1329430, -73.0991930',150,16,49,2),(51,'7.1233480, -73.0895410',150,16,49,2),(52,'7.1212990, -73.0830720',150,16,49,2),(53,'7.1106870, -73.0618510',150,16,310,2),(54,'9.0698320, -75.4149410',150,16,310,2),(55,'4.4365390, -74.0063180',150,16,310,2),(56,'4.8608040, -74.0281150',150,16,310,2),(57,'4.9038020, -74.3099300',150,16,310,2),(58,'4.9934550, -74.3235760',150,16,310,2),(59,'7.3591150, -72.6237970',150,16,310,2),(60,'7.3801680, -72.6296240',150,16,49,2),(61,'7.3829330, -72.6277660',150,16,49,2),(62,'7.4549060, -72.6344410',150,16,49,2),(63,'7.4635500, -72.6333330',150,16,49,2),(64,'7.4619080, -72.6346480',150,16,49,2),(65,'7.4671050, -72.6335840',150,16,49,2),(66,'7.3783330, -72.6876380',150,16,49,2),(67,'7.7385310, -72.5513980',150,16,49,2),(68,'7.2576570, -72.7556590',150,16,49,2),(69,'7.2989490, -72.7385770',150,16,49,2),(70,'7.3057250, -72.7317490',150,16,49,2),(71,'7.3074000, -72.7314990',150,16,49,2),(72,'7.3319480, -72.7230300',150,16,49,2),(73,'7.3378100, -72.7230120',150,16,49,2),(74,'7.3402040, -72.7218460',150,16,49,2),(75,'7.2716150, -72.7515400',150,16,49,2),(76,'7.2893470, -72.7458750',150,16,49,2),(77,'7.2205220, -72.8418200',150,16,49,2),(78,'7.2373950, -72.8291380',150,16,49,2),(79,'7.2345380, -72.7979830',150,16,49,2),(80,'7.3669310, -72.6925020',150,16,310,2),(81,'7.3446960, -72.7162810',150,16,310,2),(82,'7.3494470, -72.7101420',150,16,310,2),(83,'7.3840560, -72.6269570',150,16,310,2),(84,'4.5298860, -75.6010010',150,16,310,2),(85,'6.7656370, -73.0041320',150,16,49,2),(86,'6.8036100, -73.0073040',150,16,49,2),(87,'6.7918410, -73.0148620',150,16,49,2),(88,'6.6924800, -73.0162180',150,16,49,2),(89,'6.0262960, -73.5628870',150,16,49,2),(90,'7.1085350, -72.9818470',150,16,49,2),(91,'7.1054240, -72.9736680',150,16,49,2),(92,'7.1092420, -72.9784660',150,16,49,2),(93,'6.8603520, -72.9897630',150,16,49,2),(94,'7.1123480, -72.9860370',150,16,49,2),(95,'7.1060110, -72.9793210',150,16,49,2),(96,'6.4300370, -73.2587690',150,16,49,2),(97,'6.4765040, -73.2583000',150,16,49,2),(98,'7.1283120, -73.0057760',150,16,49,2),(99,'7.1078640, -73.0025240',150,16,49,2),(100,'7.1113480, -73.0088500',150,16,49,2),(101,'7.1331880, -73.0126640',150,16,49,2),(102,'7.1441850, -73.0107000',150,16,49,2),(103,'6.9149120, -73.0045040',150,16,49,2),(104,'6.9116040, -73.0036900',150,16,49,2),(105,'7.3733460, -72.6655430',150,16,310,2),(106,'6.7995360, -73.0079320',150,16,310,2),(107,'6.8018870, -73.0069550',150,16,310,2),(108,'6.7674930, -73.0052540',150,16,310,2),(109,'6.3650420, -73.2503740',150,16,310,2),(110,'6.5261780, -73.1853600',150,16,310,2),(111,'6.6505250, -73.0537550',150,16,310,2),(112,'6.9274070, -73.0085220',150,16,310,2),(113,'5.8287110, -73.5144120',150,16,310,2),(114,'9.5182210, -75.2281960',150,16,310,2),(115,'4.4076550, -75.3020200',150,16,310,2),(116,'4.4574500, -75.5339860',150,16,310,2);
/*!40000 ALTER TABLE `coordenadas` ENABLE KEYS */;
UNLOCK TABLES;

--
-- Table structure for table `empresas`
--

DROP TABLE IF EXISTS `empresas`;
/*!40101 SET @saved_cs_client     = @@character_set_client */;
/*!50503 SET character_set_client = utf8mb4 */;
CREATE TABLE `empresas` (
  `id` bigint NOT NULL AUTO_INCREMENT,
  `nombre` varchar(255) DEFAULT NULL,
  `password` varchar(255) DEFAULT NULL,
  `usuario` varchar(255) DEFAULT NULL,
  PRIMARY KEY (`id`)
) ENGINE=InnoDB AUTO_INCREMENT=6 DEFAULT CHARSET=utf8mb4 COLLATE=utf8mb4_unicode_ci;
/*!40101 SET character_set_client = @saved_cs_client */;

--
-- Dumping data for table `empresas`
--

LOCK TABLES `empresas` WRITE;
/*!40000 ALTER TABLE `empresas` DISABLE KEYS */;
INSERT INTO `empresas` VALUES (1,'ICM','1234','ICM'),(2,'PRUEBA','12345','PRUEBA'),(3,'COLOMBIA','admin','COLOMBIA'),(4,'COLOMBIA','admin','COLOMBIA'),(5,'COLOMBIA','admin','COLOMBIA');
/*!40000 ALTER TABLE `empresas` ENABLE KEYS */;
UNLOCK TABLES;

--
-- Table structure for table `paises`
--

DROP TABLE IF EXISTS `paises`;
/*!40101 SET @saved_cs_client     = @@character_set_client */;
/*!50503 SET character_set_client = utf8mb4 */;
CREATE TABLE `paises` (
  `id` bigint NOT NULL AUTO_INCREMENT,
  `nombre` varchar(255) DEFAULT NULL,
  PRIMARY KEY (`id`)
) ENGINE=InnoDB AUTO_INCREMENT=3 DEFAULT CHARSET=utf8mb4 COLLATE=utf8mb4_unicode_ci;
/*!40101 SET character_set_client = @saved_cs_client */;

--
-- Dumping data for table `paises`
--

LOCK TABLES `paises` WRITE;
/*!40000 ALTER TABLE `paises` DISABLE KEYS */;
INSERT INTO `paises` VALUES (1,'Peru'),(2,'Colombia');
/*!40000 ALTER TABLE `paises` ENABLE KEYS */;
UNLOCK TABLES;

--
-- Table structure for table `ruta`
--

DROP TABLE IF EXISTS `ruta`;
/*!40101 SET @saved_cs_client     = @@character_set_client */;
/*!50503 SET character_set_client = utf8mb4 */;
CREATE TABLE `ruta` (
  `id` bigint NOT NULL AUTO_INCREMENT,
  `coda` int DEFAULT NULL,
  `nomruta` varchar(255) DEFAULT NULL,
  `empresa` bigint NOT NULL,
  `pais` bigint NOT NULL,
  PRIMARY KEY (`id`),
  KEY `FKld8qmt2e9lfjng6wxgo77n91h` (`empresa`),
  KEY `FKdkuy0jeee8fo952cnn7nhh5db` (`pais`),
  CONSTRAINT `FKdkuy0jeee8fo952cnn7nhh5db` FOREIGN KEY (`pais`) REFERENCES `paises` (`id`),
  CONSTRAINT `FKld8qmt2e9lfjng6wxgo77n91h` FOREIGN KEY (`empresa`) REFERENCES `empresas` (`id`)
) ENGINE=InnoDB AUTO_INCREMENT=18 DEFAULT CHARSET=utf8mb4 COLLATE=utf8mb4_unicode_ci;
/*!40101 SET character_set_client = @saved_cs_client */;

--
-- Dumping data for table `ruta`
--

LOCK TABLES `ruta` WRITE;
/*!40000 ALTER TABLE `ruta` DISABLE KEYS */;
INSERT INTO `ruta` VALUES (8,NULL,'SUR',1,1),(10,NULL,'SUR-002',2,1),(16,NULL,'BAVARIA',3,2);
/*!40000 ALTER TABLE `ruta` ENABLE KEYS */;
UNLOCK TABLES;

--
-- Table structure for table `sonidos_geocerca`
--

DROP TABLE IF EXISTS `sonidos_geocerca`;
/*!40101 SET @saved_cs_client     = @@character_set_client */;
/*!50503 SET character_set_client = utf8mb4 */;
CREATE TABLE `sonidos_geocerca` (
  `id` bigint NOT NULL AUTO_INCREMENT,
  `codsonido` int DEFAULT NULL,
  `detalle` varchar(255) DEFAULT NULL,
  `nombre` varchar(255) DEFAULT NULL,
  `url_imagen` varchar(255) DEFAULT NULL,
  `url_sonido` varchar(255) DEFAULT NULL,
  `pais` bigint NOT NULL,
  `tipos` bigint NOT NULL,
  PRIMARY KEY (`id`),
  KEY `FKhamdmcacf4m3xauitit06e51u` (`pais`),
  KEY `FKogaaqfcocb2jqkbb2h8gbgs35` (`tipos`),
  CONSTRAINT `FKhamdmcacf4m3xauitit06e51u` FOREIGN KEY (`pais`) REFERENCES `paises` (`id`),
  CONSTRAINT `FKogaaqfcocb2jqkbb2h8gbgs35` FOREIGN KEY (`tipos`) REFERENCES `tipo_senal` (`id`)
) ENGINE=InnoDB AUTO_INCREMENT=321 DEFAULT CHARSET=utf8mb4 COLLATE=utf8mb4_unicode_ci;
/*!40101 SET character_set_client = @saved_cs_client */;

--
-- Dumping data for table `sonidos_geocerca`
--

LOCK TABLES `sonidos_geocerca` WRITE;
/*!40000 ALTER TABLE `sonidos_geocerca` DISABLE KEYS */;
INSERT INTO `sonidos_geocerca` VALUES (1,10,'Pare','SR-01','http://161.132.180.242:65002/coordenadas-ruta-segura/imagenes/Colombia/SR-01.jpg','http://161.132.180.242:65002/coordenadas-ruta-segura/audios/00010.mp3',2,1),(2,11,'Ceda el paso','SR-02','http://161.132.180.242:65002/coordenadas-ruta-segura/imagenes/Colombia/SR-02.jpg','http://161.132.180.242:65002/coordenadas-ruta-segura/audios/00011.mp3',2,1),(3,12,'Siga de frente','SR-03','http://161.132.180.242:65002/coordenadas-ruta-segura/imagenes/Colombia/SR-03.jpg','http://161.132.180.242:65002/coordenadas-ruta-segura/audios/00012.mp3',2,1),(4,13,'No pase','SR-04','http://161.132.180.242:65002/coordenadas-ruta-segura/imagenes/Colombia/SR-04.jpg','http://161.132.180.242:65002/coordenadas-ruta-segura/audios/00013.mp3',2,1),(5,14,'Giro permitido','SR-05','http://161.132.180.242:65002/coordenadas-ruta-segura/imagenes/Colombia/SR-05.jpg','http://161.132.180.242:65002/coordenadas-ruta-segura/audios/00014.mp3',2,1),(6,15,'Giro no permitido','SR-06','http://161.132.180.242:65002/coordenadas-ruta-segura/imagenes/Colombia/SR-06.jpg','http://161.132.180.242:65002/coordenadas-ruta-segura/audios/00015.mp3',2,1),(7,14,'Giro permitido','SR-07','http://161.132.180.242:65002/coordenadas-ruta-segura/imagenes/Colombia/SR-07.jpg','http://161.132.180.242:65002/coordenadas-ruta-segura/audios/00016.mp3',2,1),(8,15,'Giro no permitido','SR-08','http://161.132.180.242:65002/coordenadas-ruta-segura/imagenes/Colombia/SR-08.jpg','http://161.132.180.242:65002/coordenadas-ruta-segura/audios/00017.mp3',2,1),(9,18,'Vuelta en U permitida','SR-09','http://161.132.180.242:65002/coordenadas-ruta-segura/imagenes/Colombia/SR-09.jpg','http://161.132.180.242:65002/coordenadas-ruta-segura/audios/00018.mp3',2,1),(10,19,'Prohibido voltear en U','SR-10','http://161.132.180.242:65002/coordenadas-ruta-segura/imagenes/Colombia/SR-10.jpg','http://161.132.180.242:65002/coordenadas-ruta-segura/audios/00019.mp3',2,1),(11,20,'Doble via','SR-11','http://161.132.180.242:65002/coordenadas-ruta-segura/imagenes/Colombia/SR-11.jpg','http://161.132.180.242:65002/coordenadas-ruta-segura/audios/00020.mp3',2,1),(12,21,'Tres carriles (uno en contraflujo)','SR-12','http://161.132.180.242:65002/coordenadas-ruta-segura/imagenes/Colombia/SR-12.jpg','http://161.132.180.242:65002/coordenadas-ruta-segura/audios/00021.mp3',2,1),(13,22,'Tres carriles (dos en contraflujo)','SR-13','http://161.132.180.242:65002/coordenadas-ruta-segura/imagenes/Colombia/SR-13.jpg','http://161.132.180.242:65002/coordenadas-ruta-segura/audios/00022.mp3',2,1),(14,23,'Prohibido el cambio de calzada','SR-14','http://161.132.180.242:65002/coordenadas-ruta-segura/imagenes/Colombia/SR-14.jpg','http://161.132.180.242:65002/coordenadas-ruta-segura/audios/00023.mp3',2,1),(15,24,NULL,'SR-15','http://161.132.180.242:65002/coordenadas-ruta-segura/imagenes/Colombia/SR-15.jpg',NULL,2,1),(16,24,'Circulacion prohibida de vehiculos automotores','SR-16','http://161.132.180.242:65002/coordenadas-ruta-segura/imagenes/Colombia/SR-16.jpg','http://161.132.180.242:65002/coordenadas-ruta-segura/audios/00024.mp3',2,1),(17,25,'Vehiculos pesados a la derecha','SR-17','http://161.132.180.242:65002/coordenadas-ruta-segura/imagenes/Colombia/SR-17.jpg','http://161.132.180.242:65002/coordenadas-ruta-segura/audios/00025.mp3',2,1),(18,26,'Circulacion prohibida de vehiculos de carga','SR-18','http://161.132.180.242:65002/coordenadas-ruta-segura/imagenes/Colombia/SR-18.jpg','http://161.132.180.242:65002/coordenadas-ruta-segura/audios/00026.mp3',2,1),(19,27,'\nPeatones a la izquierda','SR-19','http://161.132.180.242:65002/coordenadas-ruta-segura/imagenes/Colombia/SR-19.jpg','http://161.132.180.242:65002/coordenadas-ruta-segura/audios/00027.mp3',2,1),(20,28,'Prohibido el paso de peatones','SR-20','http://161.132.180.242:65002/coordenadas-ruta-segura/imagenes/Colombia/SR-20.jpg','http://161.132.180.242:65002/coordenadas-ruta-segura/audios/00028.mp3',2,1),(21,29,'Prohibido circulacion de cabalgaduras','SR-21','http://161.132.180.242:65002/coordenadas-ruta-segura/imagenes/Colombia/SR-21.jpg','http://161.132.180.242:65002/coordenadas-ruta-segura/audios/00029.mp3',2,1),(22,30,'Prohibido circulación de bicicletas','SR-22','http://161.132.180.242:65002/coordenadas-ruta-segura/imagenes/Colombia/SR-22.jpg','http://161.132.180.242:65002/coordenadas-ruta-segura/audios/00030.mp3',2,1),(23,31,'Prohibido circulacion de motocicleras','SR-23','http://161.132.180.242:65002/coordenadas-ruta-segura/imagenes/Colombia/SR-23.jpg','http://161.132.180.242:65002/coordenadas-ruta-segura/audios/00031.mp3',2,1),(24,32,'Prohibido circulacion de maquina agricola','SR-24','http://161.132.180.242:65002/coordenadas-ruta-segura/imagenes/Colombia/SR-24.jpg','http://161.132.180.242:65002/coordenadas-ruta-segura/audios/00032.mp3',2,1),(25,33,'Circulacion prohibida de vehiculo de traccion animal','SR-25','http://161.132.180.242:65002/coordenadas-ruta-segura/imagenes/Colombia/SR-25.jpg','http://161.132.180.242:65002/coordenadas-ruta-segura/audios/00033.mp3',2,1),(26,34,'Prohibido adelantar','SR-26','http://161.132.180.242:65002/coordenadas-ruta-segura/imagenes/Colombia/SR-26.jpg','http://161.132.180.242:65002/coordenadas-ruta-segura/audios/00034.mp3',2,1),(27,35,'Prohibido parquear','SR-28','http://161.132.180.242:65002/coordenadas-ruta-segura/imagenes/Colombia/SR-28.jpg','http://161.132.180.242:65002/coordenadas-ruta-segura/audios/00035.mp3',2,1),(28,36,'No parquear ni detenerse','SR-28A','http://161.132.180.242:65002/coordenadas-ruta-segura/imagenes/Colombia/SR-28A.jpg','http://161.132.180.242:65002/coordenadas-ruta-segura/audios/00036.mp3',2,1),(29,37,'Prohibido pitar','SR-29','http://161.132.180.242:65002/coordenadas-ruta-segura/imagenes/Colombia/SR-29.jpg','http://161.132.180.242:65002/coordenadas-ruta-segura/audios/00037.mp3',2,1),(30,38,'Cuidado revise la velocidad máxima permitida','SR-30','http://161.132.180.242:65002/coordenadas-ruta-segura/imagenes/Colombia/SR-30.jpg','http://161.132.180.242:65002/coordenadas-ruta-segura/audios/00038.mp3',2,1),(31,39,'Cuidado revise el peso máximo permitido','SR-31','http://161.132.180.242:65002/coordenadas-ruta-segura/imagenes/Colombia/SR-31.jpg','http://161.132.180.242:65002/coordenadas-ruta-segura/audios/00039.mp3',2,1),(32,40,'Cuidado revise la altura máxima permitida','SR-32','http://161.132.180.242:65002/coordenadas-ruta-segura/imagenes/Colombia/SR-32.jpg','http://161.132.180.242:65002/coordenadas-ruta-segura/audios/00040.mp3',2,1),(33,41,'Cuidado revise el ancho máximo permitido','SR-33','http://161.132.180.242:65002/coordenadas-ruta-segura/imagenes/Colombia/SR-33.jpg','http://161.132.180.242:65002/coordenadas-ruta-segura/audios/00041.mp3',2,1),(34,42,'Zona de estacionamiento de taxis','SR-34','http://161.132.180.242:65002/coordenadas-ruta-segura/imagenes/Colombia/SR-34.jpg','http://161.132.180.242:65002/coordenadas-ruta-segura/audios/00042.mp3',2,1),(35,43,'Circulacion con luces bajas','SR-35','http://161.132.180.242:65002/coordenadas-ruta-segura/imagenes/Colombia/SR-35.jpg','http://161.132.180.242:65002/coordenadas-ruta-segura/audios/00043.mp3',2,1),(36,44,'Reten','SR-36','http://161.132.180.242:65002/coordenadas-ruta-segura/imagenes/Colombia/SR-36.jpg','http://161.132.180.242:65002/coordenadas-ruta-segura/audios/00044.mp3',2,1),(37,45,'Ciclovia','SR-37','http://161.132.180.242:65002/coordenadas-ruta-segura/imagenes/Colombia/SR-37.jpg','http://161.132.180.242:65002/coordenadas-ruta-segura/audios/00045.mp3',2,1),(38,46,'Sentido unico de circulacion','SR-38','http://161.132.180.242:65002/coordenadas-ruta-segura/imagenes/Colombia/SR-38.jpg','http://161.132.180.242:65002/coordenadas-ruta-segura/audios/00046.mp3',2,1),(39,47,'Sentido de circulacion doble','SR-39','http://161.132.180.242:65002/coordenadas-ruta-segura/imagenes/Colombia/SR-39.jpg','http://161.132.180.242:65002/coordenadas-ruta-segura/audios/00047.mp3',2,1),(40,48,'Paradero','SR-40','http://161.132.180.242:65002/coordenadas-ruta-segura/imagenes/Colombia/SR-40.jpg','http://161.132.180.242:65002/coordenadas-ruta-segura/audios/00048.mp3',2,1),(41,49,'Prohibido dejar o recoger pasajeros','SR-41','http://161.132.180.242:65002/coordenadas-ruta-segura/imagenes/Colombia/SR-41.jpg','http://161.132.180.242:65002/coordenadas-ruta-segura/audios/00049.mp3',2,1),(42,50,'Zona de carge y descargue','SR-42','http://161.132.180.242:65002/coordenadas-ruta-segura/imagenes/Colombia/SR-42.jpg','http://161.132.180.242:65002/coordenadas-ruta-segura/audios/00050.mp3',2,1),(43,51,'\nProhibido el cargue y descargue','SR-43','http://161.132.180.242:65002/coordenadas-ruta-segura/imagenes/Colombia/SR-43.jpg','http://161.132.180.242:65002/coordenadas-ruta-segura/audios/00051.mp3',2,1),(44,52,'Espaciamiento','SR-44','http://161.132.180.242:65002/coordenadas-ruta-segura/imagenes/Colombia/SR-44.jpg','http://161.132.180.242:65002/coordenadas-ruta-segura/audios/00052.mp3',2,1),(45,53,'Indicacion de separador transito','SR-45','http://161.132.180.242:65002/coordenadas-ruta-segura/imagenes/Colombia/SR-45.jpg','http://161.132.180.242:65002/coordenadas-ruta-segura/audios/00053.mp3',2,1),(46,54,'Via cerrada','SRO-01','http://161.132.180.242:65002/coordenadas-ruta-segura/imagenes/Colombia/SRO-01.jpg','http://161.132.180.242:65002/coordenadas-ruta-segura/audios/00054.mp3',2,1),(47,55,'Desvio','SRO-02','http://161.132.180.242:65002/coordenadas-ruta-segura/imagenes/Colombia/SRO-02.jpg','http://161.132.180.242:65002/coordenadas-ruta-segura/audios/00055.mp3',2,1),(48,56,'Paso uno a uno','SRO-03','http://161.132.180.242:65002/coordenadas-ruta-segura/imagenes/Colombia/SRO-03.jpg','http://161.132.180.242:65002/coordenadas-ruta-segura/audios/00056.mp3',2,1),(49,57,'Precaucion curva peligrosa ','SP-01','http://161.132.180.242:65002/coordenadas-ruta-segura/imagenes/Colombia/SP-01.jpg','http://161.132.180.242:65002/coordenadas-ruta-segura/audios/00057.mp3',2,2),(50,58,'Precaucion curva pronunciada','SP-03','http://161.132.180.242:65002/coordenadas-ruta-segura/imagenes/Colombia/SP-03.jpg','http://161.132.180.242:65002/coordenadas-ruta-segura/audios/00058.mp3',2,2),(51,59,'Precaucion curva y contracurva peligrosa','SP-05','http://161.132.180.242:65002/coordenadas-ruta-segura/imagenes/Colombia/SP-05.jpg','http://161.132.180.242:65002/coordenadas-ruta-segura/audios/00059.mp3',2,2),(52,60,'Precaucion curvas sucesivas','SP-07','http://161.132.180.242:65002/coordenadas-ruta-segura/imagenes/Colombia/SP-07.jpg','http://161.132.180.242:65002/coordenadas-ruta-segura/audios/00060.mp3',2,2),(53,61,'Precaucion curva y contracurva pronunciada','SP-09','http://161.132.180.242:65002/coordenadas-ruta-segura/imagenes/Colombia/SP-09.jpg','http://161.132.180.242:65002/coordenadas-ruta-segura/audios/00061.mp3',2,2),(54,62,'Precaucion interseccion de vias','SP-11','http://161.132.180.242:65002/coordenadas-ruta-segura/imagenes/Colombia/SP-11.jpg','http://161.132.180.242:65002/coordenadas-ruta-segura/audios/00062.mp3',2,2),(55,63,'Precaucion Via lateral','SP-12','http://161.132.180.242:65002/coordenadas-ruta-segura/imagenes/Colombia/SP-12.jpg','http://161.132.180.242:65002/coordenadas-ruta-segura/audios/00063.mp3',2,2),(56,64,'Precaucion Bifurcacion en T','SP-14','http://161.132.180.242:65002/coordenadas-ruta-segura/imagenes/Colombia/SP-14.jpg','http://161.132.180.242:65002/coordenadas-ruta-segura/audios/00064.mp3',2,2),(57,65,'Precaucion Bifucarcion en Y','SP-15','http://161.132.180.242:65002/coordenadas-ruta-segura/imagenes/Colombia/SP-15.jpg','http://161.132.180.242:65002/coordenadas-ruta-segura/audios/00065.mp3',2,2),(58,66,'Precaucion Bifucarcion','SP-16','http://161.132.180.242:65002/coordenadas-ruta-segura/imagenes/Colombia/SP-16.jpg','http://161.132.180.242:65002/coordenadas-ruta-segura/audios/00066.mp3',2,2),(59,67,'Precaucion Bifurcacion Escalonada','SP-18','http://161.132.180.242:65002/coordenadas-ruta-segura/imagenes/Colombia/SP-18.jpg','http://161.132.180.242:65002/coordenadas-ruta-segura/audios/00067.mp3',2,2),(60,68,'Precaucion Glorieta','SP-20','http://161.132.180.242:65002/coordenadas-ruta-segura/imagenes/Colombia/SP-20.jpg','http://161.132.180.242:65002/coordenadas-ruta-segura/audios/00068.mp3',2,2),(61,69,'Precaucion Incorporacion de transito','SP-21','http://161.132.180.242:65002/coordenadas-ruta-segura/imagenes/Colombia/SP-21.jpg','http://161.132.180.242:65002/coordenadas-ruta-segura/audios/00069.mp3',2,2),(62,70,'Precaucion Semaforo','SP-23','http://161.132.180.242:65002/coordenadas-ruta-segura/imagenes/Colombia/SP-23.jpg','http://161.132.180.242:65002/coordenadas-ruta-segura/audios/00070.mp3',2,2),(63,71,'Precaucion superficie rizada','SP-24','http://161.132.180.242:65002/coordenadas-ruta-segura/imagenes/Colombia/SP-24.jpg','http://161.132.180.242:65002/coordenadas-ruta-segura/audios/00071.mp3',2,2),(64,72,'Precaucion resalto','SP-25','http://161.132.180.242:65002/coordenadas-ruta-segura/imagenes/Colombia/SP-25.jpg','http://161.132.180.242:65002/coordenadas-ruta-segura/audios/00072.mp3',2,2),(65,73,'Precaucion depresion','SP-26','http://161.132.180.242:65002/coordenadas-ruta-segura/imagenes/Colombia/SP-26.jpg','http://161.132.180.242:65002/coordenadas-ruta-segura/audios/00073.mp3',2,2),(66,74,'Precaucion descenso peligroso','SP-27','http://161.132.180.242:65002/coordenadas-ruta-segura/imagenes/Colombia/SP-27.jpg','http://161.132.180.242:65002/coordenadas-ruta-segura/audios/00074.mp3',2,2),(67,75,'Precaucion reduccion simetrica de la calzada','SP-28','http://161.132.180.242:65002/coordenadas-ruta-segura/imagenes/Colombia/SP-28.jpg','http://161.132.180.242:65002/coordenadas-ruta-segura/audios/00075.mp3',2,2),(68,76,'Precaucion prevencion de pare','SP-29','http://161.132.180.242:65002/coordenadas-ruta-segura/imagenes/Colombia/SP-29.jpg','http://161.132.180.242:65002/coordenadas-ruta-segura/audios/00076.mp3',2,2),(69,77,'Precaucion asimetrica de la calzada','SP-30','http://161.132.180.242:65002/coordenadas-ruta-segura/imagenes/Colombia/SP-30.jpg','http://161.132.180.242:65002/coordenadas-ruta-segura/audios/00077.mp3',2,2),(70,78,'Precaucion ensanche simetrico de la calzada','SP-32','http://161.132.180.242:65002/coordenadas-ruta-segura/imagenes/Colombia/SP-32.jpg','http://161.132.180.242:65002/coordenadas-ruta-segura/audios/00078.mp3',2,2),(71,79,'Precaucion prevencion de ceda el paso','SP-33','http://161.132.180.242:65002/coordenadas-ruta-segura/imagenes/Colombia/SP-33.jpg','http://161.132.180.242:65002/coordenadas-ruta-segura/audios/00079.mp3',2,2),(72,80,'Precaucion ensanche asimetrico de la calzada','SP-34','http://161.132.180.242:65002/coordenadas-ruta-segura/imagenes/Colombia/SP-34.jpg','http://161.132.180.242:65002/coordenadas-ruta-segura/audios/00080.mp3',2,2),(73,81,'Precaucion puente angosto','SP-36','http://161.132.180.242:65002/coordenadas-ruta-segura/imagenes/Colombia/SP-36.jpg','http://161.132.180.242:65002/coordenadas-ruta-segura/audios/00081.mp3',2,2),(74,82,'Precaucion tunel','SP-37','http://161.132.180.242:65002/coordenadas-ruta-segura/imagenes/Colombia/SP-37.jpg','http://161.132.180.242:65002/coordenadas-ruta-segura/audios/00082.mp3',2,2),(75,83,'Cuidado revise el peso máximo permitido','SP-38','http://161.132.180.242:65002/coordenadas-ruta-segura/imagenes/Colombia/SP-38.jpg','http://161.132.180.242:65002/coordenadas-ruta-segura/audios/00083.mp3',2,2),(76,84,'Precaucion circulacion en dos sentidos','SP-39','http://161.132.180.242:65002/coordenadas-ruta-segura/imagenes/Colombia/SP-39.jpg','http://161.132.180.242:65002/coordenadas-ruta-segura/audios/00084.mp3',2,2),(77,85,'Precaucion flecha direccional','SP-40','http://161.132.180.242:65002/coordenadas-ruta-segura/imagenes/Colombia/SP-40.jpg','http://161.132.180.242:65002/coordenadas-ruta-segura/audios/00085.mp3',2,2),(78,86,'Precaucion tres carriles uno en contraflujo','SP-41','http://161.132.180.242:65002/coordenadas-ruta-segura/imagenes/Colombia/SP-41.jpg','http://161.132.180.242:65002/coordenadas-ruta-segura/audios/00086.mp3',2,2),(79,87,'Precaucion zona de derrumbe ','SP-42','http://161.132.180.242:65002/coordenadas-ruta-segura/imagenes/Colombia/SP-42.jpg','http://161.132.180.242:65002/coordenadas-ruta-segura/audios/00087.mp3',2,2),(80,88,'Precaucion tres carriles dos en contraflujo','SP-43','http://161.132.180.242:65002/coordenadas-ruta-segura/imagenes/Colombia/SP-43.jpg','http://161.132.180.242:65002/coordenadas-ruta-segura/audios/00088.mp3',2,2),(81,89,'Precaucion superficie deslizante','SP-44','http://161.132.180.242:65002/coordenadas-ruta-segura/imagenes/Colombia/SP-44.jpg','http://161.132.180.242:65002/coordenadas-ruta-segura/audios/00089.mp3',2,2),(82,90,'Precaucion maquinaria agricola en la via','SP-45','http://161.132.180.242:65002/coordenadas-ruta-segura/imagenes/Colombia/SP-45.jpg','http://161.132.180.242:65002/coordenadas-ruta-segura/audios/00090.mp3',2,2),(83,91,'Precaucion peatones en la via','SP-46','http://161.132.180.242:65002/coordenadas-ruta-segura/imagenes/Colombia/SP-46.jpg','http://161.132.180.242:65002/coordenadas-ruta-segura/audios/00091.mp3',2,2),(84,92,'Precaucion zona escolar ','SP-47','http://161.132.180.242:65002/coordenadas-ruta-segura/imagenes/Colombia/SP-47.jpg','http://161.132.180.242:65002/coordenadas-ruta-segura/audios/00092.mp3',2,2),(85,93,'Precaucion zona deportiva','SP-48','http://161.132.180.242:65002/coordenadas-ruta-segura/imagenes/Colombia/SP-48.jpg','http://161.132.180.242:65002/coordenadas-ruta-segura/audios/00093.mp3',2,2),(86,94,'Precaucion animales en la via','SP-49','http://161.132.180.242:65002/coordenadas-ruta-segura/imagenes/Colombia/SP-49.jpg','http://161.132.180.242:65002/coordenadas-ruta-segura/audios/00094.mp3',2,2),(87,95,'Precaucion altura libre','SP-50','http://161.132.180.242:65002/coordenadas-ruta-segura/imagenes/Colombia/SP-50.jpg','http://161.132.180.242:65002/coordenadas-ruta-segura/audios/00095.mp3',2,2),(88,96,'Precaucion ancho libre','SP-51','http://161.132.180.242:65002/coordenadas-ruta-segura/imagenes/Colombia/SP-51.jpg','http://161.132.180.242:65002/coordenadas-ruta-segura/audios/00096.mp3',2,2),(89,97,'Precaucion cruce a nivel con el ferrocarril','SP-52','http://161.132.180.242:65002/coordenadas-ruta-segura/imagenes/Colombia/SP-52.jpg','http://161.132.180.242:65002/coordenadas-ruta-segura/audios/00097.mp3',2,2),(90,98,'Precaucion barrera ','SP-53','http://161.132.180.242:65002/coordenadas-ruta-segura/imagenes/Colombia/SP-53.jpg','http://161.132.180.242:65002/coordenadas-ruta-segura/audios/00098.mp3',2,2),(91,99,'Precaucion paso a nivel','SP-54','http://161.132.180.242:65002/coordenadas-ruta-segura/imagenes/Colombia/SP-54.jpg','http://161.132.180.242:65002/coordenadas-ruta-segura/audios/00099.mp3',2,2),(92,100,'Precaucion iniciacion de separador dos sentidos','SP-55','http://161.132.180.242:65002/coordenadas-ruta-segura/imagenes/Colombia/SP-55.jpg','http://161.132.180.242:65002/coordenadas-ruta-segura/audios/00100.mp3',2,2),(93,101,'Precaucion iniciacion de separador un sentido','SP-55A','http://161.132.180.242:65002/coordenadas-ruta-segura/imagenes/Colombia/SP-55A.jpg','http://161.132.180.242:65002/coordenadas-ruta-segura/audios/00101.mp3',2,2),(94,102,'Precaucion terminacion de via con separador (dos sentidos)','SP-56','http://161.132.180.242:65002/coordenadas-ruta-segura/imagenes/Colombia/SP-56.jpg','http://161.132.180.242:65002/coordenadas-ruta-segura/audios/00102.mp3',2,2),(95,103,'Precaucion terminacion de via con separador (un sentidos','SP-56A','http://161.132.180.242:65002/coordenadas-ruta-segura/imagenes/Colombia/SP-56A.jpg','http://161.132.180.242:65002/coordenadas-ruta-segura/audios/00103.mp3',2,2),(96,104,'Precaucion final del pavimento ','SP-57','http://161.132.180.242:65002/coordenadas-ruta-segura/imagenes/Colombia/SP-57.jpg','http://161.132.180.242:65002/coordenadas-ruta-segura/audios/00104.mp3',2,2),(97,105,'Precaucion ciclistas en la via','SP-59','http://161.132.180.242:65002/coordenadas-ruta-segura/imagenes/Colombia/SP-59.jpg','http://161.132.180.242:65002/coordenadas-ruta-segura/audios/00105.mp3',2,2),(98,106,'Precaucion riesgos de accidente','SP-67','http://161.132.180.242:65002/coordenadas-ruta-segura/imagenes/Colombia/SP-67.jpg','http://161.132.180.242:65002/coordenadas-ruta-segura/audios/00106.mp3',2,2),(99,113,'Ruta Nacional','SI-01','http://161.132.180.242:65002/coordenadas-ruta-segura/imagenes/Colombia/SI-01.jpg','http://161.132.180.242:65002/coordenadas-ruta-segura/audios/00113.mp3',2,3),(100,114,'Ruta departamental','SI-01A','http://161.132.180.242:65002/coordenadas-ruta-segura/imagenes/Colombia/SI-01A.jpg','http://161.132.180.242:65002/coordenadas-ruta-segura/audios/00114.mp3',2,3),(101,115,'Ruta panamericana','SI-02','http://161.132.180.242:65002/coordenadas-ruta-segura/imagenes/Colombia/SI-02.jpg','http://161.132.180.242:65002/coordenadas-ruta-segura/audios/00115.mp3',2,3),(102,116,'Ruta marginal de la selva','SI-03','http://161.132.180.242:65002/coordenadas-ruta-segura/imagenes/Colombia/SI-03.jpg','http://161.132.180.242:65002/coordenadas-ruta-segura/audios/00116.mp3',2,3),(103,117,'Poste de referencia','SI-04','http://161.132.180.242:65002/coordenadas-ruta-segura/imagenes/Colombia/SI-04.jpg','http://161.132.180.242:65002/coordenadas-ruta-segura/audios/00117.mp3',2,3),(104,118,'Informacion Previa de destino','SI-05','http://161.132.180.242:65002/coordenadas-ruta-segura/imagenes/Colombia/SI-05.jpg','http://161.132.180.242:65002/coordenadas-ruta-segura/audios/00118.mp3',2,3),(105,119,'Informativa de decision de destino','SI-05A','http://161.132.180.242:65002/coordenadas-ruta-segura/imagenes/Colombia/SI-05A.jpg','http://161.132.180.242:65002/coordenadas-ruta-segura/audios/00119.mp3',2,3),(106,120,'Croquis','SI-05B','http://161.132.180.242:65002/coordenadas-ruta-segura/imagenes/Colombia/SI-05B.jpg','http://161.132.180.242:65002/coordenadas-ruta-segura/audios/00120.mp3',2,3),(107,121,'Descripcion de giros','SI-05C','http://161.132.180.242:65002/coordenadas-ruta-segura/imagenes/Colombia/SI-05C.jpg','http://161.132.180.242:65002/coordenadas-ruta-segura/audios/00121.mp3',2,3),(108,122,'Confirmativa de destino','SI-06','http://161.132.180.242:65002/coordenadas-ruta-segura/imagenes/Colombia/SI-06.jpg','http://161.132.180.242:65002/coordenadas-ruta-segura/audios/00122.mp3',2,3),(109,123,'Sitio de parqueo','SI-07','http://161.132.180.242:65002/coordenadas-ruta-segura/imagenes/Colombia/SI-07.jpg','http://161.132.180.242:65002/coordenadas-ruta-segura/audios/00123.mp3',2,3),(110,124,'Zonas especiales de paqueo','SI-07A','http://161.132.180.242:65002/coordenadas-ruta-segura/imagenes/Colombia/SI-07A.jpg','http://161.132.180.242:65002/coordenadas-ruta-segura/audios/00124.mp3',2,3),(111,125,'Paradero de buses','SI-08','http://161.132.180.242:65002/coordenadas-ruta-segura/imagenes/Colombia/SI-08.jpg','http://161.132.180.242:65002/coordenadas-ruta-segura/audios/00125.mp3',2,3),(112,126,'Estacionamiento de Taxis','SI-09','http://161.132.180.242:65002/coordenadas-ruta-segura/imagenes/Colombia/SI-09.jpg','http://161.132.180.242:65002/coordenadas-ruta-segura/audios/00126.mp3',2,3),(113,127,'Transbordador','SI-10','http://161.132.180.242:65002/coordenadas-ruta-segura/imagenes/Colombia/SI-10.jpg','http://161.132.180.242:65002/coordenadas-ruta-segura/audios/00127.mp3',2,3),(114,128,'Vía para ciclistas','SI-11','http://161.132.180.242:65002/coordenadas-ruta-segura/imagenes/Colombia/SI-11.jpg','http://161.132.180.242:65002/coordenadas-ruta-segura/audios/00128.mp3',2,3),(115,129,'Monumento nacional','SI-12','http://161.132.180.242:65002/coordenadas-ruta-segura/imagenes/Colombia/SI-12.jpg','http://161.132.180.242:65002/coordenadas-ruta-segura/audios/00129.mp3',2,3),(116,130,'Zona militar','SI-13','http://161.132.180.242:65002/coordenadas-ruta-segura/imagenes/Colombia/SI-13.jpg','http://161.132.180.242:65002/coordenadas-ruta-segura/audios/00130.mp3',2,3),(117,131,'Aeropuerto','SI-14','http://161.132.180.242:65002/coordenadas-ruta-segura/imagenes/Colombia/SI-14.jpg','http://161.132.180.242:65002/coordenadas-ruta-segura/audios/00131.mp3',2,3),(118,132,'Hospedaje','SI-15','http://161.132.180.242:65002/coordenadas-ruta-segura/imagenes/Colombia/SI-15.jpg','http://161.132.180.242:65002/coordenadas-ruta-segura/audios/00132.mp3',2,3),(119,133,'Primeros auxilios','SI-16','http://161.132.180.242:65002/coordenadas-ruta-segura/imagenes/Colombia/SI-16.jpg','http://161.132.180.242:65002/coordenadas-ruta-segura/audios/00133.mp3',2,3),(120,134,'Servicios Sanitarios','SI-17','http://161.132.180.242:65002/coordenadas-ruta-segura/imagenes/Colombia/SI-17.jpg','http://161.132.180.242:65002/coordenadas-ruta-segura/audios/00134.mp3',2,3),(121,135,'Restaurante','SI-18','http://161.132.180.242:65002/coordenadas-ruta-segura/imagenes/Colombia/SI-18.jpg','http://161.132.180.242:65002/coordenadas-ruta-segura/audios/00135.mp3',2,3),(122,136,'Telefono','SI-19','http://161.132.180.242:65002/coordenadas-ruta-segura/imagenes/Colombia/SI-19.jpg','http://161.132.180.242:65002/coordenadas-ruta-segura/audios/00136.mp3',2,3),(123,137,'Iglesia','SI-20','http://161.132.180.242:65002/coordenadas-ruta-segura/imagenes/Colombia/SI-20.jpg','http://161.132.180.242:65002/coordenadas-ruta-segura/audios/00137.mp3',2,3),(124,138,'Taller','SI-21','http://161.132.180.242:65002/coordenadas-ruta-segura/imagenes/Colombia/SI-21.jpg','http://161.132.180.242:65002/coordenadas-ruta-segura/audios/00138.mp3',2,3),(125,139,'Estacion de servicio','SI-22','http://161.132.180.242:65002/coordenadas-ruta-segura/imagenes/Colombia/SI-22.jpg','http://161.132.180.242:65002/coordenadas-ruta-segura/audios/00139.mp3',2,3),(126,140,'Montallantas','SI-23','http://161.132.180.242:65002/coordenadas-ruta-segura/imagenes/Colombia/SI-23.jpg','http://161.132.180.242:65002/coordenadas-ruta-segura/audios/00140.mp3',2,3),(127,141,'Cruce peatonal','SI-24','http://161.132.180.242:65002/coordenadas-ruta-segura/imagenes/Colombia/SI-24.jpg','http://161.132.180.242:65002/coordenadas-ruta-segura/audios/00141.mp3',2,3),(128,142,'Discapacitados','SI-25','http://161.132.180.242:65002/coordenadas-ruta-segura/imagenes/Colombia/SI-25.jpg','http://161.132.180.242:65002/coordenadas-ruta-segura/audios/00142.mp3',2,3),(129,143,'Nomenclatura urbana','SI-26','http://161.132.180.242:65002/coordenadas-ruta-segura/imagenes/Colombia/SI-26.jpg','http://161.132.180.242:65002/coordenadas-ruta-segura/audios/00143.mp3',2,3),(130,144,'Seguro vial','SI-27','http://161.132.180.242:65002/coordenadas-ruta-segura/imagenes/Colombia/SI-27.jpg','http://161.132.180.242:65002/coordenadas-ruta-segura/audios/00144.mp3',2,3),(131,145,'Geográfica','SI-28','http://161.132.180.242:65002/coordenadas-ruta-segura/imagenes/Colombia/SI-28.jpg','http://161.132.180.242:65002/coordenadas-ruta-segura/audios/00145.mp3',2,3),(132,146,'Transporte Ferroviario','SI-29','http://161.132.180.242:65002/coordenadas-ruta-segura/imagenes/Colombia/SI-29.jpg','http://161.132.180.242:65002/coordenadas-ruta-segura/audios/00146.mp3',2,3),(133,147,'Transporte Masivo','SI-30','http://161.132.180.242:65002/coordenadas-ruta-segura/imagenes/Colombia/SI-30.jpg','http://161.132.180.242:65002/coordenadas-ruta-segura/audios/00147.mp3',2,3),(134,148,'Zona Recreativa','SI-31','http://161.132.180.242:65002/coordenadas-ruta-segura/imagenes/Colombia/SI-31.jpg','http://161.132.180.242:65002/coordenadas-ruta-segura/audios/00148.mp3',2,3),(135,149,'Cambio de moneda','SI-32','http://161.132.180.242:65002/coordenadas-ruta-segura/imagenes/Colombia/SI-32.jpg','http://161.132.180.242:65002/coordenadas-ruta-segura/audios/00149.mp3',2,3),(136,150,'Zona de camping','SI-33','http://161.132.180.242:65002/coordenadas-ruta-segura/imagenes/Colombia/SI-33.jpg','http://161.132.180.242:65002/coordenadas-ruta-segura/audios/00150.mp3',2,3),(137,151,'Playa','SI-34','http://161.132.180.242:65002/coordenadas-ruta-segura/imagenes/Colombia/SI-34.jpg','http://161.132.180.242:65002/coordenadas-ruta-segura/audios/00151.mp3',2,3),(138,152,'Museo','SI-35','http://161.132.180.242:65002/coordenadas-ruta-segura/imagenes/Colombia/SI-35.jpg','http://161.132.180.242:65002/coordenadas-ruta-segura/audios/00152.mp3',2,3),(139,153,'Muelle','SI-36','http://161.132.180.242:65002/coordenadas-ruta-segura/imagenes/Colombia/SI-36.jpg','http://161.132.180.242:65002/coordenadas-ruta-segura/audios/00153.mp3',2,3),(140,154,'Zoologico','SI-37','http://161.132.180.242:65002/coordenadas-ruta-segura/imagenes/Colombia/SI-37.jpg','http://161.132.180.242:65002/coordenadas-ruta-segura/audios/00154.mp3',2,3),(141,155,'Punto de Información Turística','SI-38','http://161.132.180.242:65002/coordenadas-ruta-segura/imagenes/Colombia/SI-38.jpg','http://161.132.180.242:65002/coordenadas-ruta-segura/audios/00155.mp3',2,3),(142,156,'Artesanías','SI-39','http://161.132.180.242:65002/coordenadas-ruta-segura/imagenes/Colombia/SI-39.jpg','http://161.132.180.242:65002/coordenadas-ruta-segura/audios/00156.mp3',2,3),(143,157,'Bienes Arqueológicos','SI-40','http://161.132.180.242:65002/coordenadas-ruta-segura/imagenes/Colombia/SI-40.jpg','http://161.132.180.242:65002/coordenadas-ruta-segura/audios/00157.mp3',2,3),(144,158,'Lago','SI-41','http://161.132.180.242:65002/coordenadas-ruta-segura/imagenes/Colombia/SI-41.jpg','http://161.132.180.242:65002/coordenadas-ruta-segura/audios/00158.mp3',2,3),(145,159,'Polideportivo','SI-42','http://161.132.180.242:65002/coordenadas-ruta-segura/imagenes/Colombia/SI-42.jpg','http://161.132.180.242:65002/coordenadas-ruta-segura/audios/00159.mp3',2,3),(146,160,'Mirador','SI-43','http://161.132.180.242:65002/coordenadas-ruta-segura/imagenes/Colombia/SI-43.jpg','http://161.132.180.242:65002/coordenadas-ruta-segura/audios/00160.mp3',2,3),(147,161,'Alquiler de autos','SI-44','http://161.132.180.242:65002/coordenadas-ruta-segura/imagenes/Colombia/SI-44.jpg','http://161.132.180.242:65002/coordenadas-ruta-segura/audios/00161.mp3',2,3),(148,162,'Atractivo natural','SI-45','http://161.132.180.242:65002/coordenadas-ruta-segura/imagenes/Colombia/SI-45.jpg','http://161.132.180.242:65002/coordenadas-ruta-segura/audios/00162.mp3',2,3),(149,163,'Volcán','SI-46','http://161.132.180.242:65002/coordenadas-ruta-segura/imagenes/Colombia/SI-46.jpg','http://161.132.180.242:65002/coordenadas-ruta-segura/audios/00163.mp3',2,3),(150,164,'Nevado','SI-47','http://161.132.180.242:65002/coordenadas-ruta-segura/imagenes/Colombia/SI-47.jpg','http://161.132.180.242:65002/coordenadas-ruta-segura/audios/00164.mp3',2,3),(151,165,'Termal','SI-48','http://161.132.180.242:65002/coordenadas-ruta-segura/imagenes/Colombia/SI-48.jpg','http://161.132.180.242:65002/coordenadas-ruta-segura/audios/00165.mp3',2,3),(152,166,'Cascada','SI-49','http://161.132.180.242:65002/coordenadas-ruta-segura/imagenes/Colombia/SI-49.jpg','http://161.132.180.242:65002/coordenadas-ruta-segura/audios/00166.mp3',2,3),(153,167,'Pesca','SI-50','http://161.132.180.242:65002/coordenadas-ruta-segura/imagenes/Colombia/SI-50.jpg','http://161.132.180.242:65002/coordenadas-ruta-segura/audios/00167.mp3',2,3),(154,10,'Pare','SR-01','http://161.132.180.242:65002/coordenadas-ruta-segura/imagenes/Peru/SR-01.jpg','http://161.132.180.242:65002/coordenadas-ruta-segura/audios/00010.mp3',1,1),(155,11,'Ceda el paso','SR-02','http://161.132.180.242:65002/coordenadas-ruta-segura/imagenes/Peru/SR-02.jpg','http://161.132.180.242:65002/coordenadas-ruta-segura/audios/00011.mp3',1,1),(156,12,'Siga de frente','SR-03','http://161.132.180.242:65002/coordenadas-ruta-segura/imagenes/Peru/SR-03.jpg','http://161.132.180.242:65002/coordenadas-ruta-segura/audios/00012.mp3',1,1),(157,13,'No pase','SR-04','http://161.132.180.242:65002/coordenadas-ruta-segura/imagenes/Peru/SR-04.jpg','http://161.132.180.242:65002/coordenadas-ruta-segura/audios/00013.mp3',1,1),(158,14,'Giro permitido','SR-05','http://161.132.180.242:65002/coordenadas-ruta-segura/imagenes/Peru/SR-05.jpg','http://161.132.180.242:65002/coordenadas-ruta-segura/audios/00014.mp3',1,1),(159,15,'Giro no permitido','SR-06','http://161.132.180.242:65002/coordenadas-ruta-segura/imagenes/Peru/SR-06.jpg','http://161.132.180.242:65002/coordenadas-ruta-segura/audios/00015.mp3',1,1),(160,14,'Giro permitido','SR-07','http://161.132.180.242:65002/coordenadas-ruta-segura/imagenes/Peru/SR-07.jpg','http://161.132.180.242:65002/coordenadas-ruta-segura/audios/00016.mp3',1,1),(161,15,'Giro no permitido','SR-08','http://161.132.180.242:65002/coordenadas-ruta-segura/imagenes/Peru/SR-08.jpg','http://161.132.180.242:65002/coordenadas-ruta-segura/audios/00017.mp3',1,1),(162,18,'Vuelta en U permitida','SR-09','http://161.132.180.242:65002/coordenadas-ruta-segura/imagenes/Peru/SR-09.jpg','http://161.132.180.242:65002/coordenadas-ruta-segura/audios/00018.mp3',1,1),(163,19,'Prohibido voltear en U','SR-10','http://161.132.180.242:65002/coordenadas-ruta-segura/imagenes/Peru/SR-10.jpg','http://161.132.180.242:65002/coordenadas-ruta-segura/audios/00019.mp3',1,1),(164,20,'Doble via','SR-11','http://161.132.180.242:65002/coordenadas-ruta-segura/imagenes/Peru/SR-11.jpg','http://161.132.180.242:65002/coordenadas-ruta-segura/audios/00020.mp3',1,1),(165,21,'Tres carriles (uno en contraflujo)','SR-12','http://161.132.180.242:65002/coordenadas-ruta-segura/imagenes/Peru/SR-12.jpg','http://161.132.180.242:65002/coordenadas-ruta-segura/audios/00021.mp3',1,1),(166,22,'Tres carriles (dos en contraflujo)','SR-13','http://161.132.180.242:65002/coordenadas-ruta-segura/imagenes/Peru/SR-13.jpg','http://161.132.180.242:65002/coordenadas-ruta-segura/audios/00022.mp3',1,1),(167,23,'Prohibido el cambio de calzada','SR-14','http://161.132.180.242:65002/coordenadas-ruta-segura/imagenes/Peru/SR-14.jpg','http://161.132.180.242:65002/coordenadas-ruta-segura/audios/00023.mp3',1,1),(168,24,NULL,'SR-15','http://161.132.180.242:65002/coordenadas-ruta-segura/imagenes/Peru/SR-15.jpg',NULL,1,1),(169,24,'Circulacion prohibida de vehiculos automotores','SR-16','http://161.132.180.242:65002/coordenadas-ruta-segura/imagenes/Peru/SR-16.jpg','http://161.132.180.242:65002/coordenadas-ruta-segura/audios/00024.mp3',1,1),(170,25,'Vehiculos pesados a la derecha','SR-17','http://161.132.180.242:65002/coordenadas-ruta-segura/imagenes/Peru/SR-17.jpg','http://161.132.180.242:65002/coordenadas-ruta-segura/audios/00025.mp3',1,1),(171,26,'Circulacion prohibida de vehiculos de carga','SR-18','http://161.132.180.242:65002/coordenadas-ruta-segura/Peru/Colombia/SR-18.jpg','http://161.132.180.242:65002/coordenadas-ruta-segura/audios/00026.mp3',1,1),(172,27,'\nPeatones a la izquierda','SR-19','http://161.132.180.242:65002/coordenadas-ruta-segura/imagenes/Peru/SR-19.jpg','http://161.132.180.242:65002/coordenadas-ruta-segura/audios/00027.mp3',1,1),(173,28,'Prohibido el paso de peatones','SR-20','http://161.132.180.242:65002/coordenadas-ruta-segura/imagenes/Peru/SR-20.jpg','http://161.132.180.242:65002/coordenadas-ruta-segura/audios/00028.mp3',1,1),(174,29,'Prohibido circulacion de cabalgaduras','SR-21','http://161.132.180.242:65002/coordenadas-ruta-segura/imagenes/Peru/SR-21.jpg','http://161.132.180.242:65002/coordenadas-ruta-segura/audios/00029.mp3',1,1),(175,30,'Prohibido circulación de bicicletas','SR-22','http://161.132.180.242:65002/coordenadas-ruta-segura/imagenes/Peru/SR-22.jpg','http://161.132.180.242:65002/coordenadas-ruta-segura/audios/00030.mp3',1,1),(176,31,'Prohibido circulacion de motocicleras','SR-23','http://161.132.180.242:65002/coordenadas-ruta-segura/imagenes/Peru/SR-23.jpg','http://161.132.180.242:65002/coordenadas-ruta-segura/audios/00031.mp3',1,1),(177,32,'Prohibido circulacion de maquina agricola','SR-24','http://161.132.180.242:65002/coordenadas-ruta-segura/imagenes/Peru/SR-24.jpg','http://161.132.180.242:65002/coordenadas-ruta-segura/audios/00032.mp3',1,1),(178,33,'Circulacion prohibida de vehiculo de traccion animal','SR-25','http://161.132.180.242:65002/coordenadas-ruta-segura/imagenes/Peru/SR-25.jpg','http://161.132.180.242:65002/coordenadas-ruta-segura/audios/00033.mp3',1,1),(179,34,'Prohibido adelantar','SR-26','http://161.132.180.242:65002/coordenadas-ruta-segura/imagenes/Peru/SR-26.jpg','http://161.132.180.242:65002/coordenadas-ruta-segura/audios/00034.mp3',1,1),(180,35,'Prohibido parquear','SR-28','http://161.132.180.242:65002/coordenadas-ruta-segura/imagenes/Peru/SR-28.jpg','http://161.132.180.242:65002/coordenadas-ruta-segura/audios/00035.mp3',1,1),(181,36,'No parquear ni detenerse','SR-28A','http://161.132.180.242:65002/coordenadas-ruta-segura/imagenes/Peru/SR-28A.jpg','http://161.132.180.242:65002/coordenadas-ruta-segura/audios/00036.mp3',1,1),(182,37,'Prohibido pitar','SR-29','http://161.132.180.242:65002/coordenadas-ruta-segura/imagenes/Peru/SR-29.jpg','http://161.132.180.242:65002/coordenadas-ruta-segura/audios/00037.mp3',1,1),(183,38,'Cuidado revise la velocidad máxima permitida','SR-30','http://161.132.180.242:65002/coordenadas-ruta-segura/imagenes/Peru/SR-30.jpg','http://161.132.180.242:65002/coordenadas-ruta-segura/audios/00038.mp3',1,1),(184,49,'Cuidado revise el peso máximo permitido','SR-31','http://161.132.180.242:65002/coordenadas-ruta-segura/imagenes/Peru/SR-31.jpg','http://161.132.180.242:65002/coordenadas-ruta-segura/audios/00039.mp3',1,1),(185,40,'Cuidado revise la altura máxima permitida','SR-32','http://161.132.180.242:65002/coordenadas-ruta-segura/imagenes/Peru/SR-32.jpg','http://161.132.180.242:65002/coordenadas-ruta-segura/audios/00040.mp3',1,1),(186,41,'Cuidado revise el ancho máximo permitido','SR-33','http://161.132.180.242:65002/coordenadas-ruta-segura/imagenes/Peru/SR-33.jpg','http://161.132.180.242:65002/coordenadas-ruta-segura/audios/00041.mp3',1,1),(187,42,'Zona de estacionamiento de taxis','SR-34','http://161.132.180.242:65002/coordenadas-ruta-segura/imagenes/Peru/SR-34.jpg','http://161.132.180.242:65002/coordenadas-ruta-segura/audios/00042.mp3',1,1),(188,43,'Circulacion con luces bajas','SR-35','http://161.132.180.242:65002/coordenadas-ruta-segura/imagenes/Peru/SR-35.jpg','http://161.132.180.242:65002/coordenadas-ruta-segura/audios/00043.mp3',1,1),(189,44,'Reten','SR-36','http://161.132.180.242:65002/coordenadas-ruta-segura/imagenes/Peru/SR-36.jpg','http://161.132.180.242:65002/coordenadas-ruta-segura/audios/00044.mp3',1,1),(190,45,'Ciclovia','SR-37','http://161.132.180.242:65002/coordenadas-ruta-segura/imagenes/Peru/SR-37.jpg','http://161.132.180.242:65002/coordenadas-ruta-segura/audios/00045.mp3',1,1),(191,46,'Sentido unico de circulacion','SR-38','http://161.132.180.242:65002/coordenadas-ruta-segura/imagenes/Peru/SR-38.jpg','http://161.132.180.242:65002/coordenadas-ruta-segura/audios/00046.mp3',1,1),(192,47,'Sentido de circulacion doble','SR-39','http://161.132.180.242:65002/coordenadas-ruta-segura/imagenes/Peru/SR-39.jpg','http://161.132.180.242:65002/coordenadas-ruta-segura/audios/00047.mp3',1,1),(193,48,'Paradero','SR-40','http://161.132.180.242:65002/coordenadas-ruta-segura/imagenes/Peru/SR-40.jpg','http://161.132.180.242:65002/coordenadas-ruta-segura/audios/00048.mp3',1,1),(194,49,'Prohibido dejar o recoger pasajeros','SR-41','http://161.132.180.242:65002/coordenadas-ruta-segura/imagenes/Peru/SR-41.jpg','http://161.132.180.242:65002/coordenadas-ruta-segura/audios/00049.mp3',1,1),(195,50,'Zona de carge y descargue','SR-42','http://161.132.180.242:65002/coordenadas-ruta-segura/imagenes/Peru/SR-42.jpg','http://161.132.180.242:65002/coordenadas-ruta-segura/audios/00050.mp3',1,1),(196,51,'\nProhibido el cargue y descargue','SR-43','http://161.132.180.242:65002/coordenadas-ruta-segura/imagenes/Peru/SR-43.jpg','http://161.132.180.242:65002/coordenadas-ruta-segura/audios/00051.mp3',1,1),(197,52,'Espaciamiento','SR-44','http://161.132.180.242:65002/coordenadas-ruta-segura/imagenes/Peru/SR-44.jpg','http://161.132.180.242:65002/coordenadas-ruta-segura/audios/00052.mp3',1,1),(198,53,'Indicacion de separador transito','SR-45','http://161.132.180.242:65002/coordenadas-ruta-segura/imagenes/Peru/SR-45.jpg','http://161.132.180.242:65002/coordenadas-ruta-segura/audios/00053.mp3',1,1),(199,54,'Via cerrada','SRO-01','http://161.132.180.242:65002/coordenadas-ruta-segura/imagenes/Peru/SRO-01.jpg','http://161.132.180.242:65002/coordenadas-ruta-segura/audios/00054.mp3',1,1),(200,55,'Desvio','SRO-02','http://161.132.180.242:65002/coordenadas-ruta-segura/imagenes/Peru/SRO-02.jpg','http://161.132.180.242:65002/coordenadas-ruta-segura/audios/00055.mp3',1,1),(201,56,'Paso uno a uno','SRO-03','http://161.132.180.242:65002/coordenadas-ruta-segura/imagenes/Peru/SRO-03.jpg','http://161.132.180.242:65002/coordenadas-ruta-segura/audios/00056.mp3',1,1),(202,57,'Precaucion curva peligrosa ','SP-01','http://161.132.180.242:65002/coordenadas-ruta-segura/imagenes/Peru/SP-01.jpg','http://161.132.180.242:65002/coordenadas-ruta-segura/audios/00057.mp3',1,2),(203,58,'Precaucion curva pronunciada','SP-03','http://161.132.180.242:65002/coordenadas-ruta-segura/imagenes/Peru/SP-03.jpg','http://161.132.180.242:65002/coordenadas-ruta-segura/audios/00058.mp3',1,2),(204,59,'Precaucion curva y contracurva peligrosa','SP-05','http://161.132.180.242:65002/coordenadas-ruta-segura/imagenes/Peru/SP-05.jpg','http://161.132.180.242:65002/coordenadas-ruta-segura/audios/00059.mp3',1,2),(205,60,'Precaucion curvas sucesivas','SP-07','http://161.132.180.242:65002/coordenadas-ruta-segura/imagenes/Peru/SP-07.jpg','http://161.132.180.242:65002/coordenadas-ruta-segura/audios/00060.mp3',1,2),(206,61,'Precaucion curva y contracurva pronunciada','SP-09','http://161.132.180.242:65002/coordenadas-ruta-segura/imagenes/Peru/SP-09.jpg','http://161.132.180.242:65002/coordenadas-ruta-segura/audios/00061.mp3',1,2),(207,62,'Precaucion interseccion de vias','SP-11','http://161.132.180.242:65002/coordenadas-ruta-segura/imagenes/Peru/SP-11.jpg','http://161.132.180.242:65002/coordenadas-ruta-segura/audios/00062.mp3',1,2),(208,63,'Precaucion Via lateral','SP-12','http://161.132.180.242:65002/coordenadas-ruta-segura/imagenes/Peru/SP-12.jpg','http://161.132.180.242:65002/coordenadas-ruta-segura/audios/00063.mp3',1,2),(209,64,'Precaucion Bifurcacion en T','SP-14','http://161.132.180.242:65002/coordenadas-ruta-segura/imagenes/Peru/SP-14.jpg','http://161.132.180.242:65002/coordenadas-ruta-segura/audios/00064.mp3',1,2),(210,65,'Precaucion Bifucarcion en Y','SP-15','http://161.132.180.242:65002/coordenadas-ruta-segura/imagenes/Peru/SP-15.jpg','http://161.132.180.242:65002/coordenadas-ruta-segura/audios/00065.mp3',1,2),(211,66,'Precaucion Bifucarcion','SP-16','http://161.132.180.242:65002/coordenadas-ruta-segura/imagenes/Peru/SP-16.jpg','http://161.132.180.242:65002/coordenadas-ruta-segura/audios/00066.mp3',1,2),(212,67,'Precaucion Bifurcacion Escalonada','SP-18','http://161.132.180.242:65002/coordenadas-ruta-segura/imagenes/Peru/SP-18.jpg','http://161.132.180.242:65002/coordenadas-ruta-segura/audios/00067.mp3',1,2),(213,68,'Precaucion Glorieta','SP-20','http://161.132.180.242:65002/coordenadas-ruta-segura/imagenes/Peru/SP-20.jpg','http://161.132.180.242:65002/coordenadas-ruta-segura/audios/00068.mp3',1,2),(214,69,'Precaucion Incorporacion de transito','SP-21','http://161.132.180.242:65002/coordenadas-ruta-segura/imagenes/Peru/SP-21.jpg','http://161.132.180.242:65002/coordenadas-ruta-segura/audios/00069.mp3',1,2),(215,70,'Precaucion Semaforo','SP-23','http://161.132.180.242:65002/coordenadas-ruta-segura/imagenes/Peru/SP-23.jpg','http://161.132.180.242:65002/coordenadas-ruta-segura/audios/00070.mp3',1,2),(216,71,'Precaucion superficie rizada','SP-24','http://161.132.180.242:65002/coordenadas-ruta-segura/imagenes/Peru/SP-24.jpg','http://161.132.180.242:65002/coordenadas-ruta-segura/audios/00071.mp3',1,2),(217,72,'Precaucion resalto','SP-25','http://161.132.180.242:65002/coordenadas-ruta-segura/imagenes/Peru/SP-25.jpg','http://161.132.180.242:65002/coordenadas-ruta-segura/audios/00072.mp3',1,2),(218,73,'Precaucion depresion','SP-26','http://161.132.180.242:65002/coordenadas-ruta-segura/imagenes/Peru/SP-26.jpg','http://161.132.180.242:65002/coordenadas-ruta-segura/audios/00073.mp3',1,2),(219,74,'Precaucion descenso peligroso','SP-27','http://161.132.180.242:65002/coordenadas-ruta-segura/imagenes/Peru/SP-27.jpg','http://161.132.180.242:65002/coordenadas-ruta-segura/audios/00074.mp3',1,2),(220,75,'Precaucion reduccion simetrica de la calzada','SP-28','http://161.132.180.242:65002/coordenadas-ruta-segura/imagenes/Peru/SP-28.jpg','http://161.132.180.242:65002/coordenadas-ruta-segura/audios/00075.mp3',1,2),(221,76,'Precaucion prevencion de pare','SP-29','http://161.132.180.242:65002/coordenadas-ruta-segura/imagenes/Peru/SP-29.jpg','http://161.132.180.242:65002/coordenadas-ruta-segura/audios/00076.mp3',1,2),(222,77,'Precaucion asimetrica de la calzada','SP-30','http://161.132.180.242:65002/coordenadas-ruta-segura/imagenes/Peru/SP-30.jpg','http://161.132.180.242:65002/coordenadas-ruta-segura/audios/00077.mp3',1,2),(223,78,'Precaucion ensanche simetrico de la calzada','SP-32','http://161.132.180.242:65002/coordenadas-ruta-segura/imagenes/Peru/SP-32.jpg','http://161.132.180.242:65002/coordenadas-ruta-segura/audios/00078.mp3',1,2),(224,79,'Precaucion prevencion de ceda el paso','SP-33','http://161.132.180.242:65002/coordenadas-ruta-segura/imagenes/Peru/SP-33.jpg','http://161.132.180.242:65002/coordenadas-ruta-segura/audios/00079.mp3',1,2),(225,80,'Precaucion ensanche asimetrico de la calzada','SP-34','http://161.132.180.242:65002/coordenadas-ruta-segura/imagenes/Peru/SP-34.jpg','http://161.132.180.242:65002/coordenadas-ruta-segura/audios/00080.mp3',1,2),(226,81,'Precaucion puente angosto','SP-36','http://161.132.180.242:65002/coordenadas-ruta-segura/imagenes/Peru/SP-36.jpg','http://161.132.180.242:65002/coordenadas-ruta-segura/audios/00081.mp3',1,2),(227,82,'Precaucion tunel','SP-37','http://161.132.180.242:65002/coordenadas-ruta-segura/imagenes/Peru/SP-37.jpg','http://161.132.180.242:65002/coordenadas-ruta-segura/audios/00082.mp3',1,2),(228,83,'Cuidado revise el peso máximo permitido','SP-38','http://161.132.180.242:65002/coordenadas-ruta-segura/imagenes/Peru/SP-38.jpg','http://161.132.180.242:65002/coordenadas-ruta-segura/audios/00083.mp3',1,2),(229,84,'Precaucion circulacion en dos sentidos','SP-39','http://161.132.180.242:65002/coordenadas-ruta-segura/imagenes/Peru/SP-39.jpg','http://161.132.180.242:65002/coordenadas-ruta-segura/audios/00084.mp3',1,2),(230,85,'Precaucion flecha direccional','SP-40','http://161.132.180.242:65002/coordenadas-ruta-segura/imagenes/Colombia/SP-40.jpg','http://161.132.180.242:65002/coordenadas-ruta-segura/audios/00085.mp3',1,2),(231,86,'Precaucion tres carriles uno en contraflujo','SP-41','http://161.132.180.242:65002/coordenadas-ruta-segura/imagenes/Peru/SP-41.jpg','http://161.132.180.242:65002/coordenadas-ruta-segura/audios/00086.mp3',1,2),(232,87,'Precaucion zona de derrumbe ','SP-42','http://161.132.180.242:65002/coordenadas-ruta-segura/imagenes/Peru/SP-42.jpg','http://161.132.180.242:65002/coordenadas-ruta-segura/audios/00087.mp3',1,2),(233,88,'Precaucion tres carriles dos en contraflujo','SP-43','http://161.132.180.242:65002/coordenadas-ruta-segura/imagenes/Peru/SP-43.jpg','http://161.132.180.242:65002/coordenadas-ruta-segura/audios/00088.mp3',1,2),(234,89,'Precaucion superficie deslizante','SP-44','http://161.132.180.242:65002/coordenadas-ruta-segura/imagenes/Peru/SP-44.jpg','http://161.132.180.242:65002/coordenadas-ruta-segura/audios/00089.mp3',1,2),(235,90,'Precaucion maquinaria agricola en la via','SP-45','http://161.132.180.242:65002/coordenadas-ruta-segura/imagenes/Peru/SP-45.jpg','http://161.132.180.242:65002/coordenadas-ruta-segura/audios/00090.mp3',1,2),(236,91,'Precaucion peatones en la via','SP-46','http://161.132.180.242:65002/coordenadas-ruta-segura/imagenes/Peru/SP-46.jpg','http://161.132.180.242:65002/coordenadas-ruta-segura/audios/00091.mp3',1,2),(237,92,'Precaucion zona escolar ','SP-47','http://161.132.180.242:65002/coordenadas-ruta-segura/imagenes/Peru/SP-47.jpg','http://161.132.180.242:65002/coordenadas-ruta-segura/audios/00092.mp3',1,2),(238,93,'Precaucion zona deportiva','SP-48','http://161.132.180.242:65002/coordenadas-ruta-segura/imagenes/Peru/SP-48.jpg','http://161.132.180.242:65002/coordenadas-ruta-segura/audios/00093.mp3',1,2),(239,94,'Precaucion animales en la via','SP-49','http://161.132.180.242:65002/coordenadas-ruta-segura/imagenes/Peru/SP-49.jpg','http://161.132.180.242:65002/coordenadas-ruta-segura/audios/00094.mp3',1,2),(240,95,'Precaucion altura libre','SP-50','http://161.132.180.242:65002/coordenadas-ruta-segura/imagenes/Peru/SP-50.jpg','http://161.132.180.242:65002/coordenadas-ruta-segura/audios/00095.mp3',1,2),(241,96,'Precaucion ancho libre','SP-51','http://161.132.180.242:65002/coordenadas-ruta-segura/imagenes/Peru/SP-51.jpg','http://161.132.180.242:65002/coordenadas-ruta-segura/audios/00096.mp3',1,2),(242,97,'Precaucion cruce a nivel con el ferrocarril','SP-52','http://161.132.180.242:65002/coordenadas-ruta-segura/imagenes/Peru/SP-52.jpg','http://161.132.180.242:65002/coordenadas-ruta-segura/audios/00097.mp3',1,2),(243,98,'Precaucion barrera ','SP-53','http://161.132.180.242:65002/coordenadas-ruta-segura/imagenes/Peru/SP-53.jpg','http://161.132.180.242:65002/coordenadas-ruta-segura/audios/00098.mp3',1,2),(244,99,'Precaucion paso a nivel','SP-54','http://161.132.180.242:65002/coordenadas-ruta-segura/imagenes/Peru/SP-54.jpg','http://161.132.180.242:65002/coordenadas-ruta-segura/audios/00099.mp3',1,2),(245,100,'Precaucion iniciacion de separador dos sentidos','SP-55','http://161.132.180.242:65002/coordenadas-ruta-segura/imagenes/Peru/SP-55.jpg','http://161.132.180.242:65002/coordenadas-ruta-segura/audios/00100.mp3',1,2),(246,101,'Precaucion iniciacion de separador un sentido','SP-55A','http://161.132.180.242:65002/coordenadas-ruta-segura/imagenes/Peru/SP-55A.jpg','http://161.132.180.242:65002/coordenadas-ruta-segura/audios/00101.mp3',1,2),(247,102,'Precaucion terminacion de via con separador (dos sentidos)','SP-56','http://161.132.180.242:65002/coordenadas-ruta-segura/imagenes/Peru/SP-56.jpg','http://161.132.180.242:65002/coordenadas-ruta-segura/audios/00102.mp3',1,2),(248,103,'Precaucion terminacion de via con separador (un sentidos','SP-56A','http://161.132.180.242:65002/coordenadas-ruta-segura/imagenes/Peru/SP-56A.jpg','http://161.132.180.242:65002/coordenadas-ruta-segura/audios/00103.mp3',1,2),(249,104,'Precaucion final del pavimento ','SP-57','http://161.132.180.242:65002/coordenadas-ruta-segura/imagenes/Peru/SP-57.jpg','http://161.132.180.242:65002/coordenadas-ruta-segura/audios/00104.mp3',1,2),(250,105,'Precaucion ciclistas en la via','SP-59','http://161.132.180.242:65002/coordenadas-ruta-segura/imagenes/Peru/SP-59.jpg','http://161.132.180.242:65002/coordenadas-ruta-segura/audios/00105.mp3',1,2),(251,106,'Precaucion riesgos de accidente','SP-67','http://161.132.180.242:65002/coordenadas-ruta-segura/imagenes/Peru/SP-67.jpg','http://161.132.180.242:65002/coordenadas-ruta-segura/audios/00106.mp3',1,2),(252,113,'Ruta Nacional','SI-01','http://161.132.180.242:65002/coordenadas-ruta-segura/imagenes/Peru/SI-01.jpg','http://161.132.180.242:65002/coordenadas-ruta-segura/audios/00113.mp3',1,3),(253,114,'Ruta departamental','SI-01A','http://161.132.180.242:65002/coordenadas-ruta-segura/imagenes/Peru/SI-01A.jpg','http://161.132.180.242:65002/coordenadas-ruta-segura/audios/00114.mp3',1,3),(254,115,'Ruta panamericana','SI-02','http://161.132.180.242:65002/coordenadas-ruta-segura/imagenes/Peru/SI-02.jpg','http://161.132.180.242:65002/coordenadas-ruta-segura/audios/00115.mp3',1,3),(255,116,'Ruta marginal de la selva','SI-03','http://161.132.180.242:65002/coordenadas-ruta-segura/imagenes/Peru/SI-03.jpg','http://161.132.180.242:65002/coordenadas-ruta-segura/audios/00116.mp3',1,3),(256,117,'Poste de referencia','SI-04','http://161.132.180.242:65002/coordenadas-ruta-segura/imagenes/Peru/SI-04.jpg','http://161.132.180.242:65002/coordenadas-ruta-segura/audios/00117.mp3',1,3),(257,118,'Informacion Previa de destino','SI-05','http://161.132.180.242:65002/coordenadas-ruta-segura/imagenes/Peru/SI-05.jpg','http://161.132.180.242:65002/coordenadas-ruta-segura/audios/00118.mp3',1,3),(258,119,'Informativa de decision de destino','SI-05A','http://161.132.180.242:65002/coordenadas-ruta-segura/imagenes/Peru/SI-05A.jpg','http://161.132.180.242:65002/coordenadas-ruta-segura/audios/00119.mp3',1,3),(259,120,'Croquis','SI-05B','http://161.132.180.242:65002/coordenadas-ruta-segura/imagenes/Peru/SI-05B.jpg','http://161.132.180.242:65002/coordenadas-ruta-segura/audios/00120.mp3',1,3),(260,121,'Descripcion de giros','SI-05C','http://161.132.180.242:65002/coordenadas-ruta-segura/imagenes/Peru/SI-05C.jpg','http://161.132.180.242:65002/coordenadas-ruta-segura/audios/00121.mp3',1,3),(261,122,'Confirmativa de destino','SI-06','http://161.132.180.242:65002/coordenadas-ruta-segura/imagenes/Peru/SI-06.jpg','http://161.132.180.242:65002/coordenadas-ruta-segura/audios/00122.mp3',1,3),(262,123,'Sitio de parqueo','SI-07','http://161.132.180.242:65002/coordenadas-ruta-segura/imagenes/Peru/SI-07.jpg','http://161.132.180.242:65002/coordenadas-ruta-segura/audios/00123.mp3',1,3),(263,124,'Zonas especiales de paqueo','SI-07A','http://161.132.180.242:65002/coordenadas-ruta-segura/imagenes/Peru/SI-07A.jpg','http://161.132.180.242:65002/coordenadas-ruta-segura/audios/00124.mp3',1,3),(264,125,'Paradero de buses','SI-08','http://161.132.180.242:65002/coordenadas-ruta-segura/imagenes/Peru/SI-08.jpg','http://161.132.180.242:65002/coordenadas-ruta-segura/audios/00125.mp3',1,3),(265,126,'Estacionamiento de Taxis','SI-09','http://161.132.180.242:65002/coordenadas-ruta-segura/imagenes/Peru/SI-09.jpg','http://161.132.180.242:65002/coordenadas-ruta-segura/audios/00126.mp3',1,3),(266,127,'Transbordador','SI-10','http://161.132.180.242:65002/coordenadas-ruta-segura/imagenes/Peru/SI-10.jpg','http://161.132.180.242:65002/coordenadas-ruta-segura/audios/00127.mp3',1,3),(267,128,'Vía para ciclistas','SI-11','http://161.132.180.242:65002/coordenadas-ruta-segura/imagenes/Peru/SI-11.jpg','http://161.132.180.242:65002/coordenadas-ruta-segura/audios/00128.mp3',1,3),(268,129,'Monumento nacional','SI-12','http://161.132.180.242:65002/coordenadas-ruta-segura/imagenes/Peru/SI-12.jpg','http://161.132.180.242:65002/coordenadas-ruta-segura/audios/00129.mp3',1,3),(269,130,'Zona militar','SI-13','http://161.132.180.242:65002/coordenadas-ruta-segura/imagenes/Peru/SI-13.jpg','http://161.132.180.242:65002/coordenadas-ruta-segura/audios/00130.mp3',1,3),(270,131,'Aeropuerto','SI-14','http://161.132.180.242:65002/coordenadas-ruta-segura/imagenes/Peru/SI-14.jpg','http://161.132.180.242:65002/coordenadas-ruta-segura/audios/00131.mp3',1,3),(271,132,'Hospedaje','SI-15','http://161.132.180.242:65002/coordenadas-ruta-segura/imagenes/Peru/SI-15.jpg','http://161.132.180.242:65002/coordenadas-ruta-segura/audios/00132.mp3',1,3),(272,133,'Primeros auxilios','SI-16','http://161.132.180.242:65002/coordenadas-ruta-segura/imagenes/Peru/SI-16.jpg','http://161.132.180.242:65002/coordenadas-ruta-segura/audios/00133.mp3',1,3),(273,134,'Servicios Sanitarios','SI-17','http://161.132.180.242:65002/coordenadas-ruta-segura/imagenes/Peru/SI-17.jpg','http://161.132.180.242:65002/coordenadas-ruta-segura/audios/00134.mp3',1,3),(274,135,'Restaurante','SI-18','http://161.132.180.242:65002/coordenadas-ruta-segura/imagenes/Peru/SI-18.jpg','http://161.132.180.242:65002/coordenadas-ruta-segura/audios/00135.mp3',1,3),(275,136,'Telefono','SI-19','http://161.132.180.242:65002/coordenadas-ruta-segura/imagenes/Peru/SI-19.jpg','http://161.132.180.242:65002/coordenadas-ruta-segura/audios/00136.mp3',1,3),(276,137,'Iglesia','SI-20','http://161.132.180.242:65002/coordenadas-ruta-segura/imagenes/Peru/SI-20.jpg','http://161.132.180.242:65002/coordenadas-ruta-segura/audios/00137.mp3',1,3),(277,138,'Taller','SI-21','http://161.132.180.242:65002/coordenadas-ruta-segura/imagenes/Peru/SI-21.jpg','http://161.132.180.242:65002/coordenadas-ruta-segura/audios/00138.mp3',1,3),(278,139,'Estacion de servicio','SI-22','http://161.132.180.242:65002/coordenadas-ruta-segura/imagenes/Peru/SI-22.jpg','http://161.132.180.242:65002/coordenadas-ruta-segura/audios/00139.mp3',1,3),(279,140,'Montallantas','SI-23','http://161.132.180.242:65002/coordenadas-ruta-segura/imagenes/Peru/SI-23.jpg','http://161.132.180.242:65002/coordenadas-ruta-segura/audios/00140.mp3',1,3),(280,141,'Cruce peatonal','SI-24','http://161.132.180.242:65002/coordenadas-ruta-segura/imagenes/Peru/SI-24.jpg','http://161.132.180.242:65002/coordenadas-ruta-segura/audios/00141.mp3',1,3),(281,142,'Discapacitados','SI-25','http://161.132.180.242:65002/coordenadas-ruta-segura/imagenes/Peru/SI-25.jpg','http://161.132.180.242:65002/coordenadas-ruta-segura/audios/00142.mp3',1,3),(282,143,'Nomenclatura urbana','SI-26','http://161.132.180.242:65002/coordenadas-ruta-segura/imagenes/Peru/SI-26.jpg','http://161.132.180.242:65002/coordenadas-ruta-segura/audios/00143.mp3',1,3),(283,144,'Seguro vial','SI-27','http://161.132.180.242:65002/coordenadas-ruta-segura/imagenes/Peru/SI-27.jpg','http://161.132.180.242:65002/coordenadas-ruta-segura/audios/00144.mp3',1,3),(284,145,'Geográfica','SI-28','http://161.132.180.242:65002/coordenadas-ruta-segura/imagenes/Peru/SI-28.jpg','http://161.132.180.242:65002/coordenadas-ruta-segura/audios/00145.mp3',1,3),(285,146,'Transporte Ferroviario','SI-29','http://161.132.180.242:65002/coordenadas-ruta-segura/imagenes/Peru/SI-29.jpg','http://161.132.180.242:65002/coordenadas-ruta-segura/audios/00146.mp3',1,3),(286,147,'Transporte Masivo','SI-30','http://161.132.180.242:65002/coordenadas-ruta-segura/imagenes/Peru/SI-30.jpg','http://161.132.180.242:65002/coordenadas-ruta-segura/audios/00147.mp3',1,3),(287,148,'Zona Recreativa','SI-31','http://161.132.180.242:65002/coordenadas-ruta-segura/imagenes/Peru/SI-31.jpg','http://161.132.180.242:65002/coordenadas-ruta-segura/audios/00148.mp3',1,3),(288,149,'Cambio de moneda','SI-32','http://161.132.180.242:65002/coordenadas-ruta-segura/imagenes/Peru/SI-32.jpg','http://161.132.180.242:65002/coordenadas-ruta-segura/audios/00149.mp3',1,3),(289,150,'Zona de camping','SI-33','http://161.132.180.242:65002/coordenadas-ruta-segura/imagenes/Peru/SI-33.jpg','http://161.132.180.242:65002/coordenadas-ruta-segura/audios/00150.mp3',1,3),(290,151,'Playa','SI-34','http://161.132.180.242:65002/coordenadas-ruta-segura/imagenes/Peru/SI-34.jpg','http://161.132.180.242:65002/coordenadas-ruta-segura/audios/00151.mp3',1,3),(291,152,'Museo','SI-35','http://161.132.180.242:65002/coordenadas-ruta-segura/imagenes/Peru/SI-35.jpg','http://161.132.180.242:65002/coordenadas-ruta-segura/audios/00152.mp3',1,3),(292,153,'Muelle','SI-36','http://161.132.180.242:65002/coordenadas-ruta-segura/imagenes/Peru/SI-36.jpg','http://161.132.180.242:65002/coordenadas-ruta-segura/audios/00153.mp3',1,3),(293,154,'Zoologico','SI-37','http://161.132.180.242:65002/coordenadas-ruta-segura/imagenes/Peru/SI-37.jpg','http://161.132.180.242:65002/coordenadas-ruta-segura/audios/00154.mp3',1,3),(294,155,'Punto de Información Turística','SI-38','http://161.132.180.242:65002/coordenadas-ruta-segura/imagenes/Peru/SI-38.jpg','http://161.132.180.242:65002/coordenadas-ruta-segura/audios/00155.mp3',1,3),(295,156,'Artesanías','SI-39','http://161.132.180.242:65002/coordenadas-ruta-segura/imagenes/Peru/SI-39.jpg','http://161.132.180.242:65002/coordenadas-ruta-segura/audios/00156.mp3',1,3),(296,157,'Bienes Arqueológicos','SI-40','http://161.132.180.242:65002/coordenadas-ruta-segura/imagenes/Peru/SI-40.jpg','http://161.132.180.242:65002/coordenadas-ruta-segura/audios/00157.mp3',1,3),(297,158,'Lago','SI-41','http://161.132.180.242:65002/coordenadas-ruta-segura/imagenes/Peru/SI-41.jpg','http://161.132.180.242:65002/coordenadas-ruta-segura/audios/00158.mp3',1,3),(298,159,'Polideportivo','SI-42','http://161.132.180.242:65002/coordenadas-ruta-segura/imagenes/Peru/SI-42.jpg','http://161.132.180.242:65002/coordenadas-ruta-segura/audios/00159.mp3',1,3),(299,160,'Mirador','SI-43','http://161.132.180.242:65002/coordenadas-ruta-segura/imagenes/Peru/SI-43.jpg','http://161.132.180.242:65002/coordenadas-ruta-segura/audios/00160.mp3',1,3),(300,161,'Alquiler de autos','SI-44','http://161.132.180.242:65002/coordenadas-ruta-segura/imagenes/Peru/SI-44.jpg','http://161.132.180.242:65002/coordenadas-ruta-segura/audios/00161.mp3',1,3),(301,162,'Atractivo natural','SI-45','http://161.132.180.242:65002/coordenadas-ruta-segura/imagenes/Peru/SI-45.jpg','http://161.132.180.242:65002/coordenadas-ruta-segura/audios/00162.mp3',1,3),(302,163,'Volcán','SI-46','http://161.132.180.242:65002/coordenadas-ruta-segura/imagenes/Peru/SI-46.jpg','http://161.132.180.242:65002/coordenadas-ruta-segura/audios/00163.mp3',1,3),(303,164,'Nevado','SI-47','http://161.132.180.242:65002/coordenadas-ruta-segura/imagenes/Peru/SI-47.jpg','http://161.132.180.242:65002/coordenadas-ruta-segura/audios/00164.mp3',1,3),(304,165,'Termal','SI-48','http://161.132.180.242:65002/coordenadas-ruta-segura/imagenes/Peru/SI-48.jpg','http://161.132.180.242:65002/coordenadas-ruta-segura/audios/00165.mp3',1,3),(305,166,'Cascada','SI-49','http://161.132.180.242:65002/coordenadas-ruta-segura/imagenes/Peru/SI-49.jpg','http://161.132.180.242:65002/coordenadas-ruta-segura/audios/00166.mp3',1,3),(306,167,'Pesca','SI-50','http://161.132.180.242:65002/coordenadas-ruta-segura/imagenes/Peru/SI-50.jpg','http://161.132.180.242:65002/coordenadas-ruta-segura/audios/00167.mp3',1,3),(307,174,'Zona de Riesgo','IMP-01','http://161.132.180.242:65002/coordenadas-ruta-segura/imagenes/Peru/IMP-01.jpg','http://161.132.180.242:65002/coordenadas-ruta-segura/audios/00174.mp3',1,2),(308,174,'Zona de Riesgo','IMP-01','http://161.132.180.242:8081/coordenadas-ruta-segura/imagenes/Colombia/IMP-01.jpg','http://161.132.180.242:65002/coordenadas-ruta-segura/audios/00174.mp3',2,2),(309,180,'Precaución zona de volcamiento','IMP-02','http://161.132.180.242:65002/coordenadas-ruta-segura/imagenes/Peru/IMP-02.jpg','http://161.132.180.242:65002/coordenadas-ruta-segura/audios/00180.mp3',1,2),(310,180,'Precaución zona de volcamiento','IMP-02','http://161.132.180.242:65002/coordenadas-ruta-segura/imagenes/Colombia/IMP-02.jpg','http://161.132.180.242:65002/coordenadas-ruta-segura/audios/00180.mp3',2,2),(311,181,'Precaución zona de encunetamiento','IMP-03','http://161.132.180.242:65002/coordenadas-ruta-segura/imagenes/Peru/IMP-03.jpg','http://161.132.180.242:65002/coordenadas-ruta-segura/audios/00181.mp3',1,2),(312,181,'Precaución zona de encunetamiento','IMP-03','http://161.132.180.242:65002/coordenadas-ruta-segura/imagenes/Colombia/IMP-03.jpg','http://161.132.180.242:65002/coordenadas-ruta-segura/audios/00181.mp3',2,2),(313,182,'Cuidado esta proximo a superar el limite de velocidad','IMP-04','http://161.132.180.242:65002/coordenadas-ruta-segura/imagenes/Peru/IMP-04.jpg','http://161.132.180.242:65002/coordenadas-ruta-segura/audios/00182.mp3',1,2),(314,182,'Cuidado esta proximo a superar el limite de velocidad','IMP-04','http://161.132.180.242:65002/coordenadas-ruta-segura/imagenes/Colombia/IMP-04.jpg','http://161.132.180.242:65002/coordenadas-ruta-segura/audios/00182.mp3',2,2),(315,182,'Cuidado esta proximo a superar el limite de velocidad','IMP-04','http://161.132.180.242:65002/coordenadas-ruta-segura/imagenes/Peru/IMP-04.jpg','http://161.132.180.242:65002/coordenadas-ruta-segura/audios/00182.mp3',1,2),(316,182,'Cuidado esta proximo a superar el limite de velocidad','IMP-04','http://161.132.180.242:65002/coordenadas-ruta-segura/imagenes/Colombia/IMP-04.jpg','http://161.132.180.242:65002/coordenadas-ruta-segura/audios/00182.mp3',2,2),(317,180,'Precaución zona de volcamiento','IMP-02','http://161.132.180.242:8081/coordenadas-ruta-segura/imagenes/Peru/IMP-02.jpg','http://161.132.180.242:8081/coordenadas-ruta-segura/audios/00180.mp3',1,2),(318,180,'Precaución zona de volcamiento','IMP-02','http://161.132.180.242:8081/coordenadas-ruta-segura/imagenes/Colombia/IMP-02.jpg','http://161.132.180.242:8081/coordenadas-ruta-segura/audios/00180.mp3',2,2),(319,181,'Precaución zona de encunetamiento','IMP-03','http://161.132.180.242:8081/coordenadas-ruta-segura/imagenes/Peru/IMP-03.jpg','http://161.132.180.242:8081/coordenadas-ruta-segura/audios/00181.mp3',1,2),(320,181,'Precaución zona de encunetamiento','IMP-03','http://161.132.180.242:8081/coordenadas-ruta-segura/imagenes/Colombia/IMP-03.jpg','http://161.132.180.242:8081/coordenadas-ruta-segura/audios/00181.mp3',2,2);
/*!40000 ALTER TABLE `sonidos_geocerca` ENABLE KEYS */;
UNLOCK TABLES;

--
-- Table structure for table `sonidos_velocidad`
--

DROP TABLE IF EXISTS `sonidos_velocidad`;
/*!40101 SET @saved_cs_client     = @@character_set_client */;
/*!50503 SET character_set_client = utf8mb4 */;
CREATE TABLE `sonidos_velocidad` (
  `id` bigint NOT NULL AUTO_INCREMENT,
  `codvel` int DEFAULT NULL,
  `nombre` varchar(255) DEFAULT NULL,
  `sonido_velocidad` varchar(255) DEFAULT NULL,
  PRIMARY KEY (`id`)
) ENGINE=InnoDB AUTO_INCREMENT=9 DEFAULT CHARSET=utf8mb4 COLLATE=utf8mb4_unicode_ci;
/*!40101 SET character_set_client = @saved_cs_client */;

--
-- Dumping data for table `sonidos_velocidad`
--

LOCK TABLES `sonidos_velocidad` WRITE;
/*!40000 ALTER TABLE `sonidos_velocidad` DISABLE KEYS */;
INSERT INTO `sonidos_velocidad` VALUES (1,2,'20','http://161.132.180.242:65002/coordenadas-ruta-segura/audios/00002.mp3'),(2,3,'30','http://161.132.180.242:65002/coordenadas-ruta-segura/audios/00003.mp3'),(3,4,'40','http://161.132.180.242:65002/coordenadas-ruta-segura/audios/00004.mp3'),(4,5,'50','http://161.132.180.242:65002/coordenadas-ruta-segura/audios/00005.mp3'),(5,6,'60','http://161.132.180.242:65002/coordenadas-ruta-segura/audios/00006.mp3'),(6,7,'70','http://161.132.180.242:65002/coordenadas-ruta-segura/audios/00007.mp3'),(7,8,'80','http://161.132.180.242:65002/coordenadas-ruta-segura/audios/00008.mp3'),(8,0,'Sin audio de velocidad','http://161.132.180.242:65002/coordenadas-ruta-segura/audios/00173.mp3');
/*!40000 ALTER TABLE `sonidos_velocidad` ENABLE KEYS */;
UNLOCK TABLES;

--
-- Table structure for table `tipo_senal`
--

DROP TABLE IF EXISTS `tipo_senal`;
/*!40101 SET @saved_cs_client     = @@character_set_client */;
/*!50503 SET character_set_client = utf8mb4 */;
CREATE TABLE `tipo_senal` (
  `id` bigint NOT NULL AUTO_INCREMENT,
  `nombre` varchar(255) DEFAULT NULL,
  PRIMARY KEY (`id`)
) ENGINE=InnoDB AUTO_INCREMENT=4 DEFAULT CHARSET=utf8mb4 COLLATE=utf8mb4_unicode_ci;
/*!40101 SET character_set_client = @saved_cs_client */;

--
-- Dumping data for table `tipo_senal`
--

LOCK TABLES `tipo_senal` WRITE;
/*!40000 ALTER TABLE `tipo_senal` DISABLE KEYS */;
INSERT INTO `tipo_senal` VALUES (1,'Reglamentarias'),(2,'Preventivas'),(3,'Informativas');
/*!40000 ALTER TABLE `tipo_senal` ENABLE KEYS */;
UNLOCK TABLES;
/*!40103 SET TIME_ZONE=@OLD_TIME_ZONE */;

/*!40101 SET SQL_MODE=@OLD_SQL_MODE */;
/*!40014 SET FOREIGN_KEY_CHECKS=@OLD_FOREIGN_KEY_CHECKS */;
/*!40014 SET UNIQUE_CHECKS=@OLD_UNIQUE_CHECKS */;
/*!40101 SET CHARACTER_SET_CLIENT=@OLD_CHARACTER_SET_CLIENT */;
/*!40101 SET CHARACTER_SET_RESULTS=@OLD_CHARACTER_SET_RESULTS */;
/*!40101 SET COLLATION_CONNECTION=@OLD_COLLATION_CONNECTION */;
/*!40111 SET SQL_NOTES=@OLD_SQL_NOTES */;

-- Dump completed on 2023-11-17 16:20:38
